﻿<list>
<m type="" src="http://up.i6x.cn/b/1cKh3u.mp4" label="(2013Q3) てーきゅう （第2期） – 第01話 [新] 〔 先輩とフルメタルジャケット 〕 MX 1280×720 x264.mp4" />
<m type="" src="http://up.i6x.cn/b/1zeMuw.mp4" label="(2013Q3) てーきゅう （第2期） – 第02話 〔 先輩とワンス・アンド・フォーエバー 〕 MX 1280×720 x264.mp4" />
<m type="" src="http://up.i6x.cn/b/1h3Q7C.mp4" label="(2013Q3) てーきゅう （第2期） – 第03話 〔 先輩とトランスフォーマー 〕 MX 1280×720 x264.mp4" />
<m type="" src="http://up.i6x.cn/b/1eMaWT.mp4" label="(2013Q3) てーきゅう （第2期） – 第04話 〔 先輩とピンポン 〕 MX 1280×720 x264.mp4" />
<m type="" src="http://up.i6x.cn/b/1GFHB0.mp4" label="(2013Q3) てーきゅう （第2期） – 第05話 〔 先輩とマーズ・アタック 〕 MX 1280×720 x264.mp4" />
<m type="" src="http://up.i6x.cn/b/1stk1y.mp4" label="(2013Q3) てーきゅう （第2期） – 第06話 〔 先輩とエボリューション 〕 MX 1280×720 x264.mp4" />
<m type="" src="http://up.i6x.cn/b/1ghUSM.mp4" label="(2013Q3) てーきゅう （第2期） – 第07話 〔 先輩とラン・ローラ・ラン 〕 MX 1280×720 x264.mp4" />
<m type="" src="http://up.i6x.cn/b/1qrsJc.mp4" label="(2013Q3) てーきゅう （第2期） – 第08話 〔 先輩とサイダーハウス・ルール 〕 AT-X 1280×720 x264.mp4" />
<m type="" src="http://up.i6x.cn/b/15Qw7l.mp4" label="(2013Q3) てーきゅう （第2期） – 第09話 〔 先輩とメジャーリーグ 〕 MX 1280×720 x264.mp4" />
<m type="" src="http://up.i6x.cn/b/1eMaXf.mp4" label="(2013Q3) てーきゅう （第2期） – 第10話 〔 先輩とフィールド・オブ・ドリームス 〕 MX 1280×720 x264.mp4" />
<m type="" src="http://up.i6x.cn/b/1op1Uj.mp4" label="(2013Q3) てーきゅう （第2期） – 第11話 〔 先輩とE.T. 〕 MX 1280×720 x264.mp4" />
<m type="" src="http://up.i6x.cn/b/1cKh3G.mp4" label="(2013Q3) てーきゅう （第2期） – 第12話 〔 先輩とおいしいレストラン 〕 MX 1280×720 x264.mp4" />
<m type="" src="http://up.i6x.cn/b/1ghUSU.mp4" label="(2013Q3) てーきゅう （第2期） – 第13話 [終] 〔 てーきゅう×世界でいちばん強くなりたい！コラボ 特別篇 〕 MX 1280×720 x264.mp4" />
</list>