﻿<list>
  <m label="BDrip">
    <m label="主播大厅" list_src="{p}56/xiu/0"/>
    <m label="明星主播" list_src="{p}56/xiu/1"/>
    <m label="红心主播" list_src="{p}56/xiu/2"/>
    <m label="美女主播" list_src="{p}56/xiu/0/34"/>
  </m>
  <m label="DVDrip">
    <m label="主播大厅" list_src="{p}56/xiu/0"/>
    <m label="明星主播" list_src="{p}56/xiu/1"/>
    <m label="红心主播" list_src="{p}56/xiu/2"/>
    <m label="美女主播" list_src="{p}56/xiu/0/34"/>
  </m>
  <m label="TVrip">
     <m label="てーきゅう 2013 [OMoMWXA2M1] 0.78G" list_src="a/list1.xml"/>
  </m>
</list>
